Datetime,Water Level (m)
2025-02-12 12:00:00,0.5483482
2025-02-12 13:00:00,0.30292013
2025-02-12 14:00:00,-0.0085690105
2025-02-12 15:00:00,-0.21884672
2025-02-12 16:00:00,-0.38207054
2025-02-12 17:00:00,-0.5310787
2025-02-12 18:00:00,-0.6472869
2025-02-12 19:00:00,-0.68272287
2025-02-12 20:00:00,-0.31674528
2025-02-12 21:00:00,0.20902935
2025-02-12 22:00:00,0.56569254
2025-02-12 23:00:00,0.8317596
2025-02-13 00:00:00,0.8986921
2025-02-13 01:00:00,0.7320189
2025-02-13 02:00:00,0.3486082
2025-02-13 03:00:00,0.024013905
2025-02-13 04:00:00,-0.18054162
2025-02-13 05:00:00,-0.33808485
2025-02-13 06:00:00,-0.47490433
2025-02-13 07:00:00,-0.58838916
2025-02-13 08:00:00,-0.60951054
2025-02-13 09:00:00,-0.11938572
2025-02-13 10:00:00,0.33938137
2025-02-13 11:00:00,0.61607397
2025-02-13 12:00:00,0.7252426
2025-02-13 13:00:00,0.6164384
2025-02-13 14:00:00,0.303917
2025-02-13 15:00:00,0.003213594
2025-02-13 16:00:00,-0.1968911
2025-02-13 17:00:00,-0.35901675
2025-02-13 18:00:00,-0.50144064
2025-02-13 19:00:00,-0.60840833
2025-02-13 20:00:00,-0.5589313
2025-02-13 21:00:00,0.024110474
2025-02-13 22:00:00,0.46974796
2025-02-13 23:00:00,0.79843944
2025-02-14 00:00:00,0.94381976
2025-02-14 01:00:00,0.8739926
2025-02-14 02:00:00,0.54565054
2025-02-14 03:00:00,0.1770816
2025-02-14 04:00:00,-0.06442689
2025-02-14 05:00:00,-0.24004331
2025-02-14 06:00:00,-0.3936393
2025-02-14 07:00:00,-0.5254648
2025-02-14 08:00:00,-0.6234833
2025-02-14 09:00:00,-0.47518817
2025-02-14 10:00:00,0.14852744
2025-02-14 11:00:00,0.503585
2025-02-14 12:00:00,0.7284674
2025-02-14 13:00:00,0.72344863
2025-02-14 14:00:00,0.4912266
2025-02-14 15:00:00,0.14639276
2025-02-14 16:00:00,-0.099581085
2025-02-14 17:00:00,-0.27551395
2025-02-14 18:00:00,-0.43177086
2025-02-14 19:00:00,-0.56285006
2025-02-14 20:00:00,-0.64493316
2025-02-14 21:00:00,-0.37864095
2025-02-14 22:00:00,0.2443465
2025-02-14 23:00:00,0.6055788
2025-02-15 00:00:00,0.8577168
2025-02-15 01:00:00,0.8894365
2025-02-15 02:00:00,0.68362856
2025-02-15 03:00:00,0.30520672
2025-02-15 04:00:00,0.015699524
2025-02-15 05:00:00,-0.17865497
2025-02-15 06:00:00,-0.33961624
2025-02-15 07:00:00,-0.48064122
2025-02-15 08:00:00,-0.5948305
2025-02-15 09:00:00,-0.61649626
2025-02-15 10:00:00,-0.08824017
2025-02-15 11:00:00,0.3906005
2025-02-15 12:00:00,0.6760968
2025-02-15 13:00:00,0.7766614
2025-02-15 14:00:00,0.6587655
2025-02-15 15:00:00,0.33441246
2025-02-15 16:00:00,0.025452638
2025-02-15 17:00:00,-0.18188666
2025-02-15 18:00:00,-0.3467155
2025-02-15 19:00:00,-0.4921339
2025-02-15 20:00:00,-0.6042848
2025-02-15 21:00:00,-0.6050448
2025-02-15 22:00:00,-0.06988278
2025-02-15 23:00:00,0.41207606
2025-02-16 00:00:00,0.72017217
2025-02-16 01:00:00,0.84736294
2025-02-16 02:00:00,0.75122637
2025-02-16 03:00:00,0.4242025
2025-02-16 04:00:00,0.08956685
2025-02-16 05:00:00,-0.12885128
2025-02-16 06:00:00,-0.29578388
2025-02-16 07:00:00,-0.44444174
2025-02-16 08:00:00,-0.56768256
2025-02-16 09:00:00,-0.6519159
2025-02-16 10:00:00,-0.41464475
2025-02-16 11:00:00,0.19100891
2025-02-16 12:00:00,0.5229108
2025-02-16 13:00:00,0.7336708
2025-02-16 14:00:00,0.7217512
2025-02-16 15:00:00,0.48931596
2025-02-16 16:00:00,0.14483349
2025-02-16 17:00:00,-0.100179
2025-02-16 18:00:00,-0.27381697
2025-02-16 19:00:00,-0.42686078
2025-02-16 20:00:00,-0.55471134
2025-02-16 21:00:00,-0.63221925
2025-02-16 22:00:00,-0.396904
2025-02-16 23:00:00,0.18746081
2025-02-17 00:00:00,0.51835316
2025-02-17 01:00:00,0.7362401
2025-02-17 02:00:00,0.73417884
2025-02-17 03:00:00,0.5079522
2025-02-17 04:00:00,0.16054143
2025-02-17 05:00:00,-0.08842981
2025-02-17 06:00:00,-0.2626263
2025-02-17 07:00:00,-0.41682932
2025-02-17 08:00:00,-0.54751503
2025-02-17 09:00:00,-0.64688957
2025-02-17 10:00:00,-0.59995514
2025-02-17 11:00:00,-0.051644873
2025-02-17 12:00:00,0.34901905
2025-02-17 13:00:00,0.6039153
2025-02-17 14:00:00,0.6889855
2025-02-17 15:00:00,0.579745
2025-02-17 16:00:00,0.27293056
2025-02-17 17:00:00,-0.021637715
2025-02-17 18:00:00,-0.21492274
2025-02-17 19:00:00,-0.37252626
2025-02-17 20:00:00,-0.5110915
2025-02-17 21:00:00,-0.6153455
2025-02-17 22:00:00,-0.6092527
2025-02-17 23:00:00,-0.13519612
2025-02-18 00:00:00,0.2969528
2025-02-18 01:00:00,0.5574996
2025-02-18 02:00:00,0.6509229
2025-02-18 03:00:00,0.524063
2025-02-18 04:00:00,0.2130622
2025-02-18 05:00:00,-0.058065504
2025-02-18 06:00:00,-0.243797
2025-02-18 07:00:00,-0.39947444
2025-02-18 08:00:00,-0.53740305
2025-02-18 09:00:00,-0.64315253
2025-02-18 10:00:00,-0.6972227
2025-02-18 11:00:00,-0.40782303
2025-02-18 12:00:00,0.113291904
